id14198l7d1425152529000rev29749fileAsStrCoon, ShainelastNameCoonemailcoon2@purdue.edufirstNameShainefileAs1id13472l7d1422508151000rev28220fileAsStrHkn-listemailhkn-list-bounces@ecn.purdue.edufirstNameHkn-listfileAs1id363l7d1344517840000rev558fileAsStrKalita, PrashantahomePostalCode786602lastNameKalitahomeStreetBungalow No. E-06,
OIL CampushomeCountryIndiaemail2pkkalita3000@yahoo.commobilePhone919435530230homeCityDuliajanemailpkk@oilindia.incompanyOILhomeStateAssamnotesFatherfirstNamePrashantajobTitleHead and DGM, ITid13588l7d1422923092000rev28480fileAsStrLaunder, victorialastNameLaunderemailVictoria.Launder@garmin.comcompanygarminfirstNamevictoriajobTitlerecruiterid636l7d1347671469000rev1180fileAsStrNatt, JanelastNameNattemailnatt@purdue.edufirstNameJanefileAs1jobTitleProfessorid3187l7d1376686404000rev6638fileAsStrPhillabaum, BenlastNamePhillabaumemailbphillab@purdue.edufirstNameBenfileAs1id322l7d1343284702000rev451fileAsStrQuadrangle, CarylastNameQuadrangleemailcaryquad@purdue.edufirstNameCaryfileAs1id1811l7d1359339288000rev3719fileAsStrtayemailtay@purdue.edufirstNametayfileAs1id362l7d1344498426000rev557fileAsStrznygrenemailznygren@purdue.educompanyFreshman AssistantfirstNameznygrenfileAs1jobTitleCary Quadrangleid15200l13d1428858933000rev31968fileAsStr(Alex) Gheith, AhmadlastName(Alex) Gheithemailgheith@purdue.edufullNameAhmad (Alex) GheithfirstNameAhmadid4942l13d1387497823000rev10112fileAsStrachhetriemailachhetri@purdue.edufirstNameachhetriid4173l13d1382407830000rev8504fileAsStradhikariemailadhikari@purdue.edufirstNameadhikariid493l13d1346214107000rev865fileAsStradmissionemailadmission@gatech.edufirstNameadmissionid695l13d1348341571000rev1313fileAsStradmissionsemailadmissions@purdue.edufirstNameadmissionsid1510l13d1357668548000rev3110fileAsStradmissionsemailadmissions@gatech.edufirstNameadmissionsid3949l13d1380739966000rev8069fileAsStragabrielemailagabriel@math.purdue.edufirstNameagabrielid3057l13d1375290539000rev6381fileAsStrAgarwal, SalonilastNameAgarwalemailsaloni2191@gmail.comfullNameSaloni AgarwalfirstNameSaloniid3351l13d1377530273000rev6948fileAsStrAggarwal, ArchitlastNameAggarwalemailaggarw13@purdue.edufullNameArchit AggarwalfirstNameArchitid3514l13d1378741085000rev7272fileAsStragrawa10emailagrawa10@purdue.edufirstNameagrawa10id3923l13d1380649224000rev8015fileAsStrAgrawal, ShubhamlastNameAgrawalemailshubham.agrawal.2@purdue.edufullNameShubham AgrawalfirstNameShubhamid4143l13d1382290415000rev8454fileAsStragrawavemailagrawav@purdue.edufirstNameagrawavid9319l13d1409596400000rev19437fileAsStrakanchanemailakanchan@purdue.edufirstNameakanchanid8124l13d1403286589000rev16870fileAsStralbeersemailalbeers@purdue.edufirstNamealbeersid1175l13d1353110547000rev2376fileAsStrAli, HadilastNameAliemailhwali@purdue.edufullNameHadi W AlifirstNameHadiid923l13d1350662293000rev1829fileAsStrAli, HadilastNameAliemailhadi.w.ali.1@purdue.edufullNameHadi W AlifirstNameHadiid1475l13d1357235424000rev3037fileAsStrAllen Vester, ChristianlastNameAllen Vesteremailcvester1@ivytech.edufullNameChristian Allen VesterfirstNameChristianid3657l13d1379364410000rev7528fileAsStrAn (an26@purdue.edu), RanlastNameAn (an26@purdue.edu)emailan26@purdue.edufullNameRan An (an26@purdue.edu)firstNameRanid590l13d1347250798000rev1077fileAsStrAnd Computer Engineering, ElectricallastNameAnd Computer Engineeringemailecebo@purdue.edufullNameElectrical And Computer EngineeringfirstNameElectricalid2709l13d1367373336000rev5641fileAsStrAnderson, PeterlastNameAndersonemailander324@purdue.edufullNamePeter D AndersonfirstNamePeterid8087l13d1403207544000rev16807fileAsStrangelaemailangela.elleby@ece.gatech.edufullNameangela ellebyfirstNameangelaid4556l13d1384813500000rev9339fileAsStrAntonucci, KatherinelastNameAntonucciemailkantonucci@bloomberg.comfullNameKatherine AntonuccifirstNameKatherineid11359l13d1415144606000rev23859fileAsStrarunemailarun.thomas.1@purdue.edufullNamearun thomas 1firstNamearunid3152l13d1376376377000rev6570fileAsStrarunjyotiemailarunjyoti@oilindia.infirstNamearunjyotiid1548l13d1357841885000rev3192fileAsStrasagaremailasagar@purdue.edufirstNameasagarid13317l13d1421948650000rev27909fileAsStrashwinemailashwin.venkat@outlook.comfullNameashwin venkatfirstNameashwinid1983l13d1360815510000rev4077fileAsStrasirajudemailasirajud@purdue.edufirstNameasirajudid344l13d1344230337000rev517fileAsStraskbursaremailaskbursar@purdue.edufirstNameaskbursarid2868l13d1371107596000rev5977fileAsStrasrainwateremailasrainwater@purdue.edufirstNameasrainwaterid14779l13d1427297671000rev30991fileAsStrAurand, DavidlastNameAurandemaildaurand@blackberry.comfullNameDavid AurandfirstNameDavidid9861l13d1410930715000rev20544fileAsStravanhornemailavanhorn@alliancegrouptech.comfirstNameavanhornid5390l13d1390876749000rev10966fileAsStravila2emailavila2@purdue.edufirstNameavila2id9457l13d1409897958000rev19713fileAsStrbai15emailbai15@purdue.edufirstNamebai15id11460l13d1415477454000rev24050fileAsStrBaker, JameslastNameBakeremailbaker136@purdue.edufullNameJames E BakerfirstNameJamesid14106l13d1424809359000rev29567fileAsStrBalmos, AndrewlastNameBalmosemailabalmos@purdue.edufullNameAndrew BalmosfirstNameAndrewid913l13d1350591169000rev1811fileAsStrBamburowski, DavidlastNameBamburowskiemaildavid.bamburowski@admission.gatech.edufullNameDavid BamburowskifirstNameDavidid8088l13d1403207544000rev16808fileAsStrbarbaraemailbarbara.howard@ece.gatech.edufullNamebarbara howardfirstNamebarbaraid13460l13d1422473764000rev28197fileAsStrbcomanduemailbcomandu@purdue.edufirstNamebcomanduid2025l13d1361138698000rev4168fileAsStrBelmouss, MounialastNameBelmoussemailmounia.belmouss.1@purdue.edufullNameMounia BelmoussfirstNameMouniaid9220l13d1409187165000rev19239fileAsStrBerry, EverettlastNameBerryemailepberry@purdue.edufullNameEverett BerryfirstNameEverettid3003l13d1374244907000rev6270fileAsStrBlackburn, JeannelastNameBlackburnemailjeanneblackburn@ymail.comfullNameJeanne BlackburnfirstNameJeanneid12964l13d1420659257000rev27184fileAsStrBlejde (Thetru777h), AndrewlastNameBlejde (Thetru777h)emailandrew.blejde@cause.itfullNameAndrew Blejde (Thetru777h)firstNameAndrewid9917l13d1411090970000rev20661fileAsStrBlejde, AndrewlastNameBlejdeemailablejde@purdue.edufullNameAndrew N BlejdefirstNameAndrewid2463l13d1365439778000rev5128fileAsStrBlomeke, DouglastNameBlomekeemaildougblomeke@yahoo.comfullNameDoug BlomekefirstNameDougid1107l13d1352672170000rev2237fileAsStrBlomeke, DouglaslastNameBlomekeemaildblomek@purdue.edufullNameDouglas J BlomekefirstNameDouglasid12676l13d1419612329000rev26528fileAsStrBontrager, SethlastNameBontrageremailsbontrag@purdue.edufullNameSeth Logan BontragerfirstNameSethid12887l13d1420422599000rev27016fileAsStrboumanemailbouman@purdue.edufirstNameboumanid873l13d1350063703000rev1722fileAsStrBranham, PaullastNameBranhamemailpbranham@purdue.edufullNamePaul A BranhamfirstNamePaulid450l13d1345681166000rev769fileAsStrBranham, PaullastNameBranhamemailpab@purdue.edufullNamePaul A BranhamfirstNamePaulid7956l13d1402598214000rev16551fileAsStrbrentemailbrent@purdue.edufirstNamebrentid15245l13d1428957517000rev32068fileAsStrBretemailBret.madsen@hp.comfullNameBret madsenfirstNameBretid6620l13d1395738143000rev13577fileAsStrbsaberidemailbsaberid@purdue.edufirstNamebsaberidid9317l13d1409596400000rev19435fileAsStrbsarkaremailbsarkar@purdue.edufirstNamebsarkarid1043l13d1352128890000rev2100fileAsStrbsteinhaemailbsteinha@purdue.edufirstNamebsteinhaid3631l13d1379364410000rev7502fileAsStrBurns, BrandenlastNameBurnsemailburns42@purdue.edufullNameBranden BurnsfirstNameBrandenid9634l13d1410378543000rev20074fileAsStrBursar, AsklastNameBursaremailbursari1@purdue.edufullNameAsk BursarfirstNameAskid3632l13d1379364410000rev7503fileAsStrBusch, JohnlastNameBuschemailjbuschjr@purdue.edufullNameJohn BuschfirstNameJohnid1186l13d1353176414000rev2396fileAsStrcemailc.themansullivan@gmail.comfullNamec themansullivanfirstNamecid9433l13d1409851667000rev19662fileAsStrC Johnson, MarklastNameC Johnsonemailmcjohnso@purdue.edufullNameMark C JohnsonfirstNameMarkid1838l13d1359490217000rev3774fileAsStrCalvert, ClaytonlastNameCalvertemailcalvertc@purdue.edufullNameClayton W CalvertfirstNameClaytonid3754l13d1379610910000rev7687fileAsStrcapanoemailcapano@ecn.purdue.edufirstNamecapanoid6893l13d1396840218000rev14221fileAsStrCappelleri, DavidlastNameCappelleriemaildcappell@purdue.edufullNameDavid J CappellerifirstNameDavidid3788l13d1379782042000rev7756fileAsStrCarlson, EricalastNameCarlsonemailewcarlson@purdue.edufullNameErica CarlsonfirstNameEricaid2262l13d1363637494000rev4696fileAsStrcastil12emailcastil12@purdue.edufirstNamecastil12id3860l13d1380136948000rev7886fileAsStrcbairnsfemailcbairnsf@purdue.edufirstNamecbairnsfid7957l13d1402598214000rev16552fileAsStrcclinkenemailcclinken@purdue.edufirstNamecclinkenid2917l13d1372349070000rev6082fileAsStrChen, JosephlastNameChenemailchenjk@purdue.edufullNameJoseph ChenfirstNameJosephid3636l13d1379364410000rev7507fileAsStrChen, YuanglastNameChenemailchen796@purdue.edufullNameYuang ChenfirstNameYuangid9855l13d1410920732000rev20532fileAsStrchen902emailchen902@purdue.edufirstNamechen902id7122l13d1397514367000rev14683fileAsStrChoe, JeehyunlastNameChoeemailjeehyun.choe.1@purdue.edufullNameJeehyun ChoefirstNameJeehyunid9204l13d1409162765000rev19206fileAsStrchoi260emailchoi260@purdue.edufirstNamechoi260id1135l13d1352853376000rev2291fileAsStrclafferemailclaffer@purdue.edufirstNameclafferid4144l13d1382290415000rev8455fileAsStrclanzaemailclanza@purdue.edufirstNameclanzaid2573l13d1366211805000rev5356fileAsStrClark, KylelastNameClarkemailclark256@purdue.edufullNameKyle A ClarkfirstNameKyleid8089l13d1403207544000rev16809fileAsStrclaudiaemailclaudia.ford@ece.gatech.edufullNameclaudia fordfirstNameclaudiaid3301l13d1377267612000rev6847fileAsStrClevenger, TonylastNameClevengeremailtcleven@purdue.edufullNameTony A ClevengerfirstNameTonyid2895l13d1371623393000rev6032fileAsStrcoehpemailcoehp@purdue.edufirstNamecoehpid1139l13d1352854065000rev2298fileAsStrcohen9emailcohen9@purdue.edufirstNamecohen9id6532l13d1395202973000rev13377fileAsStrcolema33emailcolema33@purdue.edufirstNamecolema33id2360l13d1364487997000rev4908fileAsStrCollections, SpeciallastNameCollectionsemailspcoll@purdue.edufullNameSpecial CollectionsfirstNameSpecialid3899l13d1380447381000rev7967fileAsStrcollegeemailcollege@arubanetworks.comfirstNamecollegeid1495l13d1357594580000rev3082fileAsStrcommentsemailcomments@registrar.gatech.edufirstNamecommentsid2930l13d1372514172000rev6107fileAsStrCommunications Survey, ITaPlastNameCommunications Surveyemailcommsurv@purdue.edufullNameITaP Communications SurveyfirstNameITaPid3637l13d1379364410000rev7508fileAsStrConrad, JacklastNameConrademailconrad6@purdue.edufullNameJack ConradfirstNameJackid1655l13d1358434718000rev3401fileAsStrCrum, WilliamlastNameCrumemailwcrum@purdue.edufullNameWilliam N CrumfirstNameWilliamid10157l13d1411717852000rev21278fileAsStrcshinemailcshin@climate.comfirstNamecshinid8480l13d1404755690000rev17610fileAsStrD Buuck, CarollastNameD Buuckemailbuuck@purdue.edufullNameCarol D BuuckfirstNameCarolid11702l13d1416342796000rev24559fileAsStrD Schoenwald, MatthewlastNameD Schoenwaldemailmschoenw@purdue.edufullNameMatthew D SchoenwaldfirstNameMatthewid3681l13d1379367464000rev7553fileAsStrdalmau, Maria Isabel, HernandezlastNamedalmau, Maria Isabelemailherna146@purdue.edufullNameHernandez dalmau, Maria IsabelfirstNameHernandezid9065l13d1408309876000rev18896fileAsStrDan, LoganlastNameDanemailldan@purdue.edufullNameLogan DanfirstNameLoganid14101l13d1424799583000rev29558fileAsStrdavidemaildavid.l.eagan@delphi.comfullNamedavid l eaganfirstNamedavidid13899l13d1424086831000rev29136fileAsStrdavidemaildavid.I.eagan@delphi.comfullNamedavid I eaganfirstNamedavidid6027l13d1393040521000rev12210fileAsStrdavidemaildavid.g.meyer.1@purdue.edufullNamedavid g meyer 1firstNamedavidid3665l13d1379364410000rev7536fileAsStrDavid (wang1079@purdue.edu), WanglastNameDavid (wang1079@purdue.edu)emailwang1079@purdue.edufullNameWang David (wang1079@purdue.edu)firstNameWangid12669l13d1419609265000rev26514fileAsStrDawwod, SheiklastNameDawwodemaildawood0@purdue.edufullNameSheik DawwodfirstNameSheikid5419l13d1390926418000rev11020fileAsStrdblasingemaildblasing@purdue.edufirstNamedblasingid907l13d1350572997000rev1802fileAsStrddamemailddam@gatech.edufirstNameddamid5915l13d1392657415000rev11978fileAsStrdepeemaildepe@purdue.edufirstNamedepeid6188l13d1393664169000rev12544fileAsStrDetmer, AmylastNameDetmeremailAmy.Detmer@cmegroup.comfullNameAmy DetmerfirstNameAmyid3638l13d1379364410000rev7509fileAsStrDevmalya, ChinmaylastNameDevmalyaemailcdevmaly@purdue.edufullNameChinmay DevmalyafirstNameChinmayid7365l13d1398722151000rev15247fileAsStrdharnapahujaemaildharnapahuja@gmail.comfirstNamedharnapahujaid523l13d1346787000000rev937fileAsStrdiscountverificationemaildiscountverification@iru.amcustomercare.att-mail.comfirstNamediscountverificationid13456l13d1422470347000rev28190fileAsStrdogbeemaildogbe@purdue.edufirstNamedogbeid3171l13d1376638573000rev6610fileAsStrDouglas-Moore, AaronlastNameDouglas-Mooreemaildouglasmoore515@yahoo.comfullNameAaron Douglas-MoorefirstNameAaronid3022l13d1374592119000rev6311fileAsStrdouglas4emaildouglas4@purdue.edufirstNamedouglas4id10254l13d1412019751000rev21485fileAsStrdpahujaemaildpahuja@purdue.edufirstNamedpahujaid3752l13d1379610685000rev7684fileAsStrdperouliemaildperouli@purdue.edufirstNamedperouliid3025l13d1374598520000rev6317fileAsStrdremaildr.neetakalita@gmail.comfullNamedr neetakalitafirstNamedrid1177l13d1353110724000rev2379fileAsStrDtolberemailDtolber@purdue.edufirstNameDtolberid1766l13d1358999151000rev3635fileAsStrdzavaletemaildzavalet@purdue.edufirstNamedzavaletid4896l13d1386990622000rev10019fileAsStrE Daniels, MitchelllastNameE Danielsemailmdanielsjr@purdue.edufullNameMitchell E DanielsfirstNameMitchellid10874l13d1413705259000rev22876fileAsStrece362emailece362@ecn.purdue.edufirstNameece362id15003l13d1428208233000rev31533fileAsStrece404c3emailece404c3@shay.ecn.purdue.edufirstNameece404c3id15006l13d1428208353000rev31538fileAsStrece404c3emailece404c3@ecn.purdue.edufirstNameece404c3id6079l13d1393282125000rev12321fileAsStreceugoemaileceugo@ecn.purdue.edufirstNameeceugoid13966l13d1424293074000rev29276fileAsStrEdmunds, TeralastNameEdmundsemailTera.Edmunds@rockwellcollins.comfullNameTera EdmundsfirstNameTeraid1218l13d1353530066000rev2462fileAsStredorrancemailedorranc@purdue.edufirstNameedorrancid821l13d1349646848000rev1606fileAsStrEftekhari, PounehlastNameEftekhariemailpouneh@purdue.edufullNamePouneh EftekharifirstNamePounehid7971l13d1402611822000rev16576fileAsStrEhsan, AkbarlastNameEhsanemailaehsan@purdue.edufullNameAkbar EhsanfirstNameAkbarid5491l13d1391143359000rev11153fileAsStreleenkneemaileleenkne@math.purdue.edufirstNameeleenkneid7935l13d1402508337000rev16511fileAsStrelizabethemailelizabeth.hannah@admission.gatech.edufullNameelizabeth hannahfirstNameelizabethid7540l13d1399752015000rev15633fileAsStrerozolisemailerozolis@purdue.edufirstNameerozolisid1133l13d1352853376000rev2289fileAsStrevessellemailevessell@purdue.edufirstNameevessellid13301l13d1421878157000rev27875fileAsStrevillaseemailevillase@purdue.edufirstNameevillaseid5254l13d1390417883000rev10714fileAsStrF Hardaway, KimberlylastNameF Hardawayemailhardaway@purdue.edufullNameKimberly F HardawayfirstNameKimberlyid12071l13d1417306234000rev25304fileAsStrfahmyemailfahmy@cs.purdue.edufirstNamefahmyid3672l13d1379364410000rev7543fileAsStrFan (zhan1193@purdue.edu), ZhanglastNameFan (zhan1193@purdue.edu)emailzhan1193@purdue.edufullNameZhang Fan (zhan1193@purdue.edu)firstNameZhangid13225l13d1421708552000rev27729fileAsStrFang, ShaobolastNameFangemails-fang@purdue.edufullNameShaobo FangfirstNameShaoboid3639l13d1379364410000rev7510fileAsStrFasig, BenjaminlastNameFasigemailbfasig@purdue.edufullNameBenjamin FasigfirstNameBenjaminid3640l13d1379364410000rev7511fileAsStrFeng, YufeilastNameFengemailfeng59@purdue.edufullNameYufei FengfirstNameYufeiid13470l13d1422504213000rev28217fileAsStrG Graber, ColinlastNameG Graberemailcgraber@purdue.edufullNameColin G GraberfirstNameColinid3668l13d1379364410000rev7539fileAsStrGamachchige, Yeshani Dinnpama, WijesekaralastNameGamachchige, Yeshani Dinnpamaemailywijesek@purdue.edufullNameWijesekara Gamachchige, Yeshani DinnpamafirstNameWijesekaraid14836l13d1427577753000rev31124fileAsStrGheith, AhmadlastNameGheithemailagheith@purdue.edufullNameAhmad GheithfirstNameAhmadid14947l13d1427998369000rev31404fileAsStrGivan, RobertlastNameGivanemailgivan@purdue.edufullNameRobert L GivanfirstNameRobertid8085l13d1403207323000rev16804fileAsStrGladden, ShaughanlastNameGladdenemailsgladden@purdue.edufullNameShaughan Robert GladdenfirstNameShaughanid11874l13d1416770114000rev24896fileAsStrGoel, AyushlastNameGoelemailgoel11@purdue.edufullNameAyush GoelfirstNameAyushid3642l13d1379364410000rev7513fileAsStrGong, XiangnanlastNameGongemailgong12@purdue.edufullNameXiangnan GongfirstNameXiangnanid3643l13d1379364410000rev7514fileAsStrGong, YiwenlastNameGongemailgong32@purdue.edufullNameYiwen GongfirstNameYiwenid13560l13d1422890850000rev28419fileAsStrGoswami, AsheshlastNameGoswamiemailgoswama@purdue.edufullNameAshesh GoswamifirstNameAsheshid13124l13d1421293156000rev27517fileAsStrGupta, ManishlastNameGuptaemailgupta158@purdue.edufullNameManish Kumar GuptafirstNameManishid2436l13d1365181786000rev5070fileAsStrgupta135emailgupta135@purdue.edufirstNamegupta135id438l13d1345647112000rev746fileAsStrGuss, AshleylastNameGussemailaguss@purdue.edufullNameAshley A GussfirstNameAshleyid1856l13d1359555930000rev3811fileAsStrhackersemailhackers@purdue.edufirstNamehackersid3652l13d1379364410000rev7523fileAsStrHan (liu457@purdue.edu), LiulastNameHan (liu457@purdue.edu)emailliu457@purdue.edufullNameLiu Han (liu457@purdue.edu)firstNameLiuid7149l13d1397612849000rev14736fileAsStrhand0emailhand0@purdue.edufirstNamehand0id9171l13d1409000270000rev19132fileAsStrharlanmemailharlanm@purdue.edufirstNameharlanmid5167l13d1390021985000rev10551fileAsStrharveersingh9emailharveersingh9@yahoo.co.infirstNameharveersingh9id7870l13d1401999727000rev16363fileAsStrhassenplemailhassenpl@purdue.edufirstNamehassenplid13501l13d1422576814000rev28303fileAsStrHathorn, SuttonlastNameHathornemailshathorn@purdue.edufullNameSutton R HathornfirstNameSuttonid9004l13d1407735708000rev18762fileAsStrHawkinsHallemailHawkinsHall@purdue.edufirstNameHawkinsHallid3275l13d1377191587000rev6801fileAsStrHaynes, LindalastNameHaynesemaillhaynes@purdue.edufullNameLinda E HaynesfirstNameLindaid9322l13d1409596400000rev19440fileAsStrhaynes1emailhaynes1@purdue.edufirstNamehaynes1id13168l13d1421416376000rev27610fileAsStrHendrickson, AdamlastNameHendricksonemailahendri@purdue.edufullNameAdam S HendricksonfirstNameAdamid3324l13d1377399630000rev6890fileAsStrhernannemailhernann@math.purdue.edufirstNamehernannid14401l13d1425790947000rev30154fileAsStrhillisremailhillisr@purdue.edufirstNamehillisrid4209l13d1382633263000rev8564fileAsStrHinz, ZacharylastNameHinzemailzhinz@purdue.edufullNameZachary D HinzfirstNameZacharyid14451l13d1425929461000rev30249fileAsStrhkn-listemailhkn-list@ecn.purdue.edufirstNamehkn-listid1500l13d1357618269000rev3093fileAsStrHoffman, AaronlastNameHoffmanemailahoffman@purdue.edufullNameAaron M HoffmanfirstNameAaronid3029l13d1374680602000rev6324fileAsStrHonorsemailhonors@purdue.edufullNameHonorsfirstNameHonorsid326l13d1343285405000rev458fileAsStrHousing Contacts, HfslastNameHousing Contactsemailhousing@purdue.edufullNameHfs Housing ContactsfirstNameHfsid3646l13d1379364410000rev7517fileAsStrHu, QiufeilastNameHuemailhu150@purdue.edufullNameQiufei HufirstNameQiufeiid2615l13d1366563856000rev5447fileAsStrHudson, GarylastNameHudsonemailhudsong@purdue.edufullNameGary S HudsonfirstNameGaryid10511l13d1412618952000rev22024fileAsStrHuman Resources, EpiclastNameHuman Resourcesemailcareers@epic.comfullNameEpic Human ResourcesfirstNameEpicid8815l13d1406571356000rev18357fileAsStrImboden, EriclastNameImbodenemaileimboden@purdue.edufullNameEric A ImbodenfirstNameEricid14203l13d1425162682000rev29758fileAsStrinternsemailinterns_us@oracle.comfullNameinterns usfirstNameinternsid3553l13d1378858978000rev7351fileAsStritapemailitap@purdue.edufirstNameitapid6618l13d1395738086000rev13574fileAsStriyer12emailiyer12@purdue.edufirstNameiyer12id9772l13d1410741792000rev20361fileAsStrJaiswal, AkileshlastNameJaiswalemailjaiswal@purdue.edufullNameAkilesh JaiswalfirstNameAkileshid2574l13d1366211805000rev5357fileAsStrJames, SaralastNameJamesemailjames61@purdue.edufullNameSara E JamesfirstNameSaraid5357l13d1390837909000rev10907fileAsStrjboswortemailjboswort@purdue.edufirstNamejboswortid5417l13d1390926162000rev11017fileAsStrjddoyleemailjddoyle@purdue.edufirstNamejddoyleid1789l13d1359188296000rev3677fileAsStrjdlorenzemailjdlorenz@purdue.edufirstNamejdlorenzid11478l13d1415564610000rev24085fileAsStrjdurchhemailjdurchh@purdue.edufirstNamejdurchhid14490l13d1426029922000rev30319fileAsStrJessicaemailJessica.bird@kaspersky.comfullNameJessica birdfirstNameJessicaid3790l13d1379792670000rev7759fileAsStrJiao, DanlastNameJiaoemaildjiao@purdue.edufullNameDan JiaofirstNameDanid1519l13d1357676041000rev3128fileAsStrjiuemailjiu_here@hotmail.comfullNamejiu herefirstNamejiuid547l13d1346953400000rev986fileAsStrjiushereemailjiushere@gmail.comfirstNamejiushereid5019l13d1388987050000rev10270fileAsStrjohmbergemailjohmberg@purdue.edufirstNamejohmbergid6606l13d1395700317000rev13551fileAsStrjpwachsemailjpwachs@purdue.edufirstNamejpwachsid10230l13d1411962540000rev21418fileAsStrjrendonemailjrendon@purdue.edufirstNamejrendonid1646l13d1358371446000rev3382fileAsStrK Horrocks, StephenlastNameK Horrocksemailshorroc@purdue.edufullNameStephen K HorrocksfirstNameStephenid1543l13d1357839729000rev3180fileAsStrK. Jennings, BillilastNameK. Jenningsemailbilli@purdue.edufullNameBilli K. JenningsfirstNameBilliid15288l13d1429151852000rev32180fileAsStrkakemailkak@ecn.purdue.edufirstNamekakid13211l13d1421688071000rev27701fileAsStrKak, AvinashlastNameKakemailkak@purdue.edufullNameAvinash C KakfirstNameAvinashid2112l13d1361965888000rev4358fileAsStrkalitaemailkalita@purdue.edufirstNamekalitaid12718l13d1419891957000rev26616fileAsStrKalita, PranjithomePostalCode47906lastNameKalitahomeStreetHawkins Hall, 430 Wood St.mobilePhone7657147814homeCityW. Lafayetteemailkalita@purdue.educompanyCAM2homeStateINhomeCountryUSAfirstNamePranjitjobTitleSoftware Development Leadid7830l13d1401836759000rev16278fileAsStrKaseb, AhmedlastNameKasebemailiahmedkaseb@gmail.comfullNameAhmed KasebfirstNameAhmedid9971l13d1411241503000rev20768fileAsStrKaseb, AhmedlastNameKasebemailakaseb@purdue.edufullNameAhmed KasebfirstNameAhmedid14589l13d1426552796000rev30531fileAsStrKashyap, PratiklastNameKashyapemailpkashya@purdue.edufullNamePratik KashyapfirstNamePratikid526l13d1346790765000rev943fileAsStrkcowlesemailkcowles@purdue.edufirstNamekcowlesid10191l13d1411878269000rev21351fileAsStrkdatchevemailkdatchev@purdue.edufirstNamekdatchevid8554l13d1404929732000rev17765fileAsStrKenzhebalin, DauletlastNameKenzhebalinemailkenzhebalin.d@gmail.comfullNameDaulet KenzhebalinfirstNameDauletid527l13d1346790765000rev944fileAsStrkhan20emailkhan20@purdue.edufirstNamekhan20id11908l13d1416858996000rev24964fileAsStrkhan85emailkhan85@purdue.edufirstNamekhan85id3315l13d1377375188000rev6876fileAsStrKim, JoonlastNameKimemailkim415@purdue.edufullNameJoon Young KimfirstNameJoonid4960l13d1387874920000rev10150fileAsStrKirkham, LisalastNameKirkhamemaillkirkham@purdue.edufullNameLisa P KirkhamfirstNameLisaid378l13d1344889057000rev596fileAsStrkmedhiemailkmedhi@purdue.edufirstNamekmedhiid1724l13d1358825465000rev3547fileAsStrknabelemailknabel@purdue.edufirstNameknabelid12435l13d1418629964000rev26053fileAsStrKochar, AkshaylastNameKocharemailakochar@purdue.edufullNameAkshay KocharfirstNameAkshayid7070l13d1397426304000rev14581fileAsStrKoh, Cheng-koklastNameKohemailchengkok@purdue.edufullNameCheng-kok KohfirstNameCheng-kokid7596l13d1400036033000rev15743fileAsStrKoh, Young-SollastNameKohemailyoung-sol.koh.1@purdue.edufullNameYoung-Sol KohfirstNameYoung-Solid7663l13d1400457042000rev15887fileAsStrKoh, Young-SollastNameKohemailyoungsol@purdue.edufullNameYoung-Sol KohfirstNameYoung-Solid7762l13d1401223256000rev16131fileAsStrKoh, YoungsollastNameKohemailkoh0@purdue.edufullNameYoungsol KohfirstNameYoungsolid3648l13d1379364410000rev7519fileAsStrKong, WeilastNameKongemailkong10@purdue.edufullNameWei KongfirstNameWeiid15495l13d1430118937000rev32632fileAsStrKoo, MinsuklastNameKooemailkoom@purdue.edufullNameMinsuk KoofirstNameMinsukid7973l13d1402611856000rev16580fileAsStrKrishnaemailksathyan@purdue.edufullNameKrishnafirstNameKrishnaid4168l13d1382407829000rev8499fileAsStrKrzywda, AlexlastNameKrzywdaemailakrzywda@purdue.edufullNameAlex KrzywdafirstNameAlexid3779l13d1379700220000rev7731fileAsStrkumar138emailkumar138@purdue.edufirstNamekumar138id10354l13d1412277451000rev21711fileAsStrL Fornes, WilliamlastNameL Fornesemailwfornes@purdue.edufullNameWilliam L FornesfirstNameWilliamid5253l13d1390417883000rev10713fileAsStrL Kramer, MelissalastNameL Krameremailmlkramer@purdue.edufullNameMelissa L KramerfirstNameMelissaid3265l13d1377173652000rev6781fileAsStrL Williams, ShannonlastNameL Williamsemailskelley@purdue.edufullNameShannon L WilliamsfirstNameShannonid1468l13d1357202149000rev3024fileAsStrlaf-distance-edemaillaf-distance-ed@lists.ivytech.edufirstNamelaf-distance-edid5136l13d1389886347000rev10492fileAsStrlahiriemaillahiri@purdue.edufirstNamelahiriid6777l13d1396382911000rev13918fileAsStrlairdcemaillairdc@purdue.edufirstNamelairdcid4805l13d1386374891000rev9834fileAsStrLank, DewannalastNameLankemaildlank@purdue.edufullNameDewanna S LankfirstNameDewannaid4171l13d1382407830000rev8502fileAsStrLarson, KurtlastNameLarsonemaillarson51@purdue.edufullNameKurt LarsonfirstNameKurtid13181l13d1421445273000rev27635fileAsStrlcrabtreeemaillcrabtree@purdue.edufirstNamelcrabtreeid5696l13d1391748763000rev11549fileAsStrLeenknegt, EvalastNameLeenknegtemaileleenkne@purdue.edufullNameEva M LeenknegtfirstNameEvaid3649l13d1379364410000rev7520fileAsStrLi, DannilastNameLiemailli921@purdue.edufullNameDanni LifirstNameDanniid5819l13d1392224118000rev11790fileAsStrLi, HelastNameLiemailli522@purdue.edufullNameHe LifirstNameHeid3650l13d1379364410000rev7521fileAsStrLi, JiaoyanglastNameLiemailli864@purdue.edufullNameJiaoyang LifirstNameJiaoyangid3651l13d1379364410000rev7522fileAsStrLi, ShaoleilastNameLiemailli722@purdue.edufullNameShaolei LifirstNameShaoleiid5415l13d1390926058000rev11014fileAsStrli685emailli685@purdue.edufirstNameli685id4178l13d1382407830000rev8509fileAsStrLiao, ZishenglastNameLiaoemailliao29@purdue.edufullNameZisheng LiaofirstNameZishengid14387l13d1425677431000rev30113fileAsStrLin, I-FanlastNameLinemaillini@purdue.edufullNameI-Fan LinfirstNameI-Fanid1739l13d1358903457000rev3577fileAsStrlittle12emaillittle12@purdue.edufirstNamelittle12id3653l13d1379364410000rev7524fileAsStrLiu, JiayinlastNameLiuemailliu649@purdue.edufullNameJiayin LiufirstNameJiayinid3654l13d1379364410000rev7525fileAsStrLiu, RenjulastNameLiuemailliu396@purdue.edufullNameRenju LiufirstNameRenjuid3655l13d1379364410000rev7526fileAsStrLiu, SiyanglastNameLiuemailliu522@purdue.edufullNameSiyang LiufirstNameSiyangid611l13d1347468014000rev1118fileAsStrliu571emailliu571@purdue.edufirstNameliu571id14326l13d1425514591000rev30006fileAsStrLoh, MichaellastNameLohemailmloh@purdue.edufullNameMichael Hanlin LohfirstNameMichaelid5379l13d1390863518000rev10944fileAsStrlsudarshemaillsudarsh@purdue.edufirstNamelsudarshid1104l13d1352592253000rev2229fileAsStrltalbertemailltalbert@purdue.edufirstNameltalbertid3460l13d1378249247000rev7163fileAsStrLu, Yung-hsianglastNameLuemailyunglu@purdue.edufullNameYung-hsiang LufirstNameYung-hsiangid3647l13d1379364410000rev7518fileAsStrLuvish (lkatyal@purdue.edu), KatyallastNameLuvish (lkatyal@purdue.edu)emaillkatyal@purdue.edufullNameKatyal Luvish (lkatyal@purdue.edu)firstNameKatyalid11951l13d1416953702000rev25049fileAsStrM Iftekharul Alam, SlastNameM Iftekharul Alamemailalams@purdue.edufullNameS M Iftekharul AlamfirstNameSid2878l13d1371184286000rev5995fileAsStrM. Whalen, TimothylastNameM. Whalenemailwhalen@purdue.edufullNameTimothy M. WhalenfirstNameTimothyid14557l13d1426358682000rev30461fileAsStrMaharaj, ShekharlastNameMaharajemailsmaharaj@teksystems.comfullNameShekhar MaharajfirstNameShekharid12664l13d1419607810000rev26505fileAsStrmailmanemailmailman@lists.purdue.edufirstNamemailmanid9365l13d1409680818000rev19526fileAsStrmalloygemailmalloyg@purdue.edufirstNamemalloygid6180l13d1393629453000rev12525fileAsStrMansey, ShrishlastNameManseyemailsmansey@purdue.edufullNameShrish Mahinder ManseyfirstNameShrishid9320l13d1409596400000rev19438fileAsStrMarcellus, AlexanderlastNameMarcellusemailamarcell@purdue.edufullNameAlexander S MarcellusfirstNameAlexanderid3699l13d1379454963000rev7586fileAsStrmaribelhdaemailmaribelhda@gmail.comfirstNamemaribelhdaid1857l13d1359555930000rev3812fileAsStrmarnoldyemailmarnoldy@purdue.edufirstNamemarnoldyid14647l13d1426870249000rev30660fileAsStrmaswabeyemailmaswabey@purdue.edufirstNamemaswabeyid11239l13d1414696072000rev23623fileAsStrMcNulty, KylelastNameMcNultyemailmcnulty@purdue.edufullNameKyle McNultyfirstNameKyleid2973l13d1373549234000rev6206fileAsStrme33, email4lastNameme33emailemail4_me33@yahoo.iefullNameemail4 me33firstNameemail4id3656l13d1379364410000rev7527fileAsStrMehrottra, KaraanlastNameMehrottraemailkmehrott@purdue.edufullNameKaraan MehrottrafirstNameKaraanid6030l13d1393040569000rev12215fileAsStrmeyeremailmeyer@ecn.purdue.edufirstNamemeyerid630l13d1347638797000rev1165fileAsStrmglapaemailmglapa@purdue.edufirstNamemglapaid4697l13d1385770483000rev9618fileAsStrMichaux, AaronlastNameMichauxemailaaron@pageofswords.netfullNameAaron MichauxfirstNameAaronid7790l13d1401415560000rev16189fileAsStrMidkiff, SamlastNameMidkiffemailsmidkiff@ecn.purdue.edufullNameSam MidkifffirstNameSamid4316l13d1383469260000rev8778fileAsStrmille201emailmille201@purdue.edufirstNamemille201id3644l13d1379364410000rev7515fileAsStrMing Hsiao, HuanglastNameMing Hsiaoemailhsiaoh@purdue.edufullNameHuang Ming HsiaofirstNameHuangid11430l13d1415338644000rev23992fileAsStrMishra, SambitlastNameMishraemailsambitmishra@purdue.edufullNameSambit MishrafirstNameSambitid11516l13d1415659765000rev24159fileAsStrMishra, SambitlastNameMishraemailmishra22@purdue.edufullNameSambit MishrafirstNameSambitid8708l13d1405963355000rev18122fileAsStrmithunaemailmithuna@ecn.purdue.edufirstNamemithunaid1595l13d1358205459000rev3288fileAsStrmkilbaneemailmkilbane@purdue.edufirstNamemkilbaneid3177l13d1376658606000rev6619fileAsStrmobileemailmobile@res.cisco.comfirstNamemobileid11929l13d1416887521000rev25010fileAsStrMohan, AnuplastNameMohanemailmohan11@purdue.edufullNameAnup MohanfirstNameAnupid8113l13d1403278893000rev16849fileAsStrmyazmyraemailmyazmyra@purdue.edufirstNamemyazmyraid3686l13d1379396941000rev7561fileAsStrnicholson, lindsaylastNamenicholsonemaillindsay.nicholson@bankofamerica.comfullNamelindsay nicholsonfirstNamelindsayid4170l13d1382407830000rev8501fileAsStrNiffenegger, KelsielastNameNiffeneggeremailkniffene@purdue.edufullNameKelsie NiffeneggerfirstNameKelsieid9456l13d1409897958000rev19712fileAsStrNikoo, NeevelastNameNikooemailnnikoo@purdue.edufullNameNeeve Jameson NikoofirstNameNeeveid3659l13d1379364410000rev7530fileAsStrNishtha (sinha14@purdue.edu), SinhalastNameNishtha (sinha14@purdue.edu)emailsinha14@purdue.edufullNameSinha Nishtha (sinha14@purdue.edu)firstNameSinhaid5089l13d1389646984000rev10404fileAsStrNistor, JonathanlastNameNistoremailjnistor@purdue.edufullNameJonathan NistorfirstNameJonathanid9145l13d1408903685000rev19075fileAsStrnmadanemailnmadan@purdue.edufirstNamenmadanid917l13d1350597512000rev1818fileAsStrnobodyemailnobody@purdue.edufirstNamenobodyid2653l13d1366828891000rev5529fileAsStrOh, StephanielastNameOhemailoh69@purdue.edufullNameStephanie S OhfirstNameStephanieid5027l13d1389030977000rev10283fileAsStrOhmberger, JohnlastNameOhmbergeremailohmberger.john@gmail.comfullNameJohn OhmbergerfirstNameJohnid4172l13d1382407830000rev8503fileAsStrOpondo, NoahlastNameOpondoemailnopondo@purdue.edufullNameNoah OpondofirstNameNoahid3727l13d1379524762000rev7638fileAsStrOpondo, NoahlastNameOpondoemailnoah.f.opondo.1@purdue.edufullNameNoah F OpondofirstNameNoahid12189l13d1417715940000rev25542fileAsStrpahujaemailpahuja@purdue.edufirstNamepahujaid4169l13d1382407829000rev8500fileAsStrPeng, Cheng-ChiehlastNamePengemailpeng43@purdue.edufullNameCheng-Chieh PengfirstNameCheng-Chiehid1651l13d1358389694000rev3393fileAsStrPerry, AlexlastNamePerryemailperry13@purdue.edufullNameAlex PerryfirstNameAlexid1698l13d1358704517000rev3491fileAsStrPerry, AlexlastNamePerryemailpermanakaalex@gmail.comfullNameAlex PerryfirstNameAlexid292l13d1340218150000rev308fileAsStrpkkemailpkk@oilindia.infirstNamepkkid293l13d1340218150000rev309fileAsStrpkkalita3000emailpkkalita3000@yahoo.comfirstNamepkkalita3000id1211l13d1353458881000rev2449fileAsStrpowell62emailpowell62@purdue.edufirstNamepowell62id11334l13d1415052272000rev23807fileAsStrPrabhu, RishankalastNamePrabhuemailrishanka.prabhu@gmail.comfullNameRishanka PrabhufirstNameRishankaid9947l13d1411170069000rev20722fileAsStrPrabhu, RishankalastNamePrabhuemailprabhur@purdue.edufullNameRishanka PrabhufirstNameRishankaid13270l13d1421795436000rev27817fileAsStrPrakash, TanmaylastNamePrakashemailtprakash@purdue.edufullNameTanmay K PrakashfirstNameTanmayid4881l13d1386916183000rev9990fileAsStrpresidentemailpresident@purdue.edufirstNamepresidentid9741l13d1410639171000rev20285fileAsStrPritchett, TimothylastNamePritchettemailtpritche@purdue.edufullNameTimothy A PritchettfirstNameTimothyid928l13d1350680395000rev1839fileAsStrpshardaemailpsharda@purdue.edufirstNamepshardaid347l13d1344231438000rev524fileAsStrpstuckeremailpstucker@purdue.edufirstNamepstuckerid6337l13d1394331194000rev12898fileAsStrpuinvestmentclubemailpuinvestmentclub@gmail.comfirstNamepuinvestmentclubid10936l13d1413856469000rev23002fileAsStrpurdueemailpurdue@apple.comfirstNamepurdueid13195l13d1421608926000rev27668fileAsStrPurnananda, PrashanthlastNamePurnanandaemailppurnana@purdue.edufullNamePrashanth PurnanandafirstNamePrashanthid3200l13d1376914548000rev6663fileAsStrQuillen, CynthialastNameQuillenemailcquillen@purdue.edufullNameCynthia L QuillenfirstNameCynthiaid8045l13d1403115126000rev16725fileAsStrR Gall, AaronlastNameR Gallemailgall@purdue.edufullNameAaron R GallfirstNameAaronid8921l13d1407132630000rev18579fileAsStrR. Freije, ThomaslastNameR. Freijeemailtfreije@acacia.orgfullNameThomas R. FreijefirstNameThomasid604l13d1347414034000rev1106fileAsStrRabieniaHaratbar, SiamaklastNameRabieniaHaratbaremailsrabieni@purdue.edufullNameSiamak RabieniaHaratbarfirstNameSiamakid7202l13d1397835270000rev14900fileAsStrraer333emailraer333@hotmail.comfirstNameraer333id5538l13d1391284361000rev11243fileAsStrraghunathanemailraghunathan@purdue.edufirstNameraghunathanid5533l13d1391282871000rev11233fileAsStrRaghunathan, VijaylastNameRaghunathanemailvr@purdue.edufullNameVijay RaghunathanfirstNameVijayid11639l13d1416160891000rev24434fileAsStrRaj Nagaraja, KeerthilastNameRaj Nagarajaemailnagaraj1@purdue.edufullNameKeerthi Raj NagarajafirstNameKeerthiid8058l13d1403121073000rev16750fileAsStrRamachandran, SubhavlastNameRamachandranemailramachas@purdue.edufullNameSubhav RamachandranfirstNameSubhavid13937l13d1424204022000rev29213fileAsStrRana, PratibhalastNameRanaemailpratibha.rana@hp.comfullNamePratibha RanafirstNamePratibhaid9903l13d1411051908000rev20630fileAsStrrathbunbemailrathbunb@amazon.comfirstNamerathbunbid3531l13d1378779320000rev7307fileAsStrrecruitingemailrecruiting@denso-diam.comfirstNamerecruitingid2741l13d1368004127000rev5709fileAsStrregistraremailregistrar@purdue.edufirstNameregistrarid759l13d1349052144000rev1463fileAsStrReid Fouch, NathanlastNameReid Fouchemailnfouch@purdue.edufullNameNathan Reid FouchfirstNameNathanid5084l13d1389638990000rev10395fileAsStrReynolds, CourtneylastNameReynoldsemailcwreynol@purdue.edufullNameCourtney W ReynoldsfirstNameCourtneyid3633l13d1379364410000rev7504fileAsStrRobert (rcaddy@purdue.edu), CaddylastNameRobert (rcaddy@purdue.edu)emailrcaddy@purdue.edufullNameCaddy Robert (rcaddy@purdue.edu)firstNameCaddyid3662l13d1379364410000rev7533fileAsStrRohan (rsrivas@purdue.edu), SrivastavalastNameRohan (rsrivas@purdue.edu)emailrsrivas@purdue.edufullNameSrivastava Rohan (rsrivas@purdue.edu)firstNameSrivastavaid2863l13d1371043627000rev5967fileAsStrrohitsab2712emailrohitsab2712@gmail.comfirstNamerohitsab2712id3426l13d1377906730000rev7095fileAsStrRoss, DaniellastNameRossemaildmross@purdue.edufullNameDaniel M RossfirstNameDanielid14230l13d1425294730000rev29822fileAsStrrrmahajaemailrrmahaja@purdue.edufirstNamerrmahajaid8716l13d1406017790000rev18139fileAsStrrsabharwemailrsabharw@purdue.edufirstNamersabharwid550l13d1346957364000rev992fileAsStrrusselemailrussel@purdue.edufirstNamerusselid1154l13d1352948114000rev2330fileAsStrRussel, PetelastNameRusselemailpete_russel@ymail.comfullNamePete RusselfirstNamePeteid10919l13d1413829065000rev22964fileAsStrS Dunham, DeborahlastNameS Dunhamemaildsdunham@purdue.edufullNameDeborah S DunhamfirstNameDeborahid13729l13d1423268057000rev28769fileAsStrS Park (Vertica), TinalastNameS Park (Vertica)emailtina.park@hp.comfullNameTina S Park (Vertica)firstNameTinaid13876l13d1424033179000rev29090fileAsStrSadhu Sampathkumar, SriharilastNameSadhu Sampathkumaremailssadhus@purdue.edufullNameSrihari Sadhu SampathkumarfirstNameSrihariid13766l13d1423500871000rev28856fileAsStrSampathkumar, Srihari, SadhulastNameSampathkumar, Srihariemailsrihari.sadhu.sampathkumar.1@purdue.edufullNameSadhu Sampathkumar, SriharifirstNameSadhuid2444l13d1365275306000rev5091fileAsStrSarahemailSarah.Tildell.SL@gmail.comfullNameSarah Tildell SLfirstNameSarahid2447l13d1365275361000rev5095fileAsStrSarahemailSarah.Tidwell.SL@gmail.comfullNameSarah Tidwell SLfirstNameSarahid2884l13d1371234661000rev6005fileAsStrsavaianoemailsavaiano@purdue.edufirstNamesavaianoid12740l13d1419979936000rev26695fileAsStrsciencehelpemailsciencehelp@purdue.edufirstNamesciencehelpid2931l13d1372514172000rev6108fileAsStrSecurity Policy Call Center, ItlastNameSecurity Policy Call Centeremailitap-securityhelp@purdue.edufullNameIt Security Policy Call CenterfirstNameItid10264l13d1412040153000rev21505fileAsStrselfidemailselfid@nvidia.comfirstNameselfidid2932l13d1372514172000rev6109fileAsStrService Notification, ITaPlastNameService Notificationemailitapnote@purdue.edufullNameITaP Service NotificationfirstNameITaPid3658l13d1379364410000rev7529fileAsStrShah, NirallastNameShahemailshah109@purdue.edufullNameNiral ShahfirstNameNiralid3342l13d1377469541000rev6927fileAsStrsharm104emailsharm104@purdue.edufirstNamesharm104id6147l13d1393542570000rev12458fileAsStrShenk, TreylastNameShenkemailtrey.shenk@gmail.comfullNameTrey ShenkfirstNameTreyid5171l13d1390068571000rev10558fileAsStrShenk, TreylastNameShenkemailshenkt@purdue.edufullNameTrey E ShenkfirstNameTreyid5858l13d1392387388000rev11868fileAsStrshi87emailshi87@purdue.edufirstNameshi87id14388l13d1425677431000rev30114fileAsStrSingh, PrakritilastNameSinghemailprakriti@purdue.edufullNamePrakriti SinghfirstNamePrakritiid14274l13d1425429923000rev29910fileAsStrSingh, PrakritilastNameSinghemailsingh253@purdue.edufullNamePrakriti SinghfirstNamePrakritiid9321l13d1409596400000rev19439fileAsStrsingh178emailsingh178@purdue.edufirstNamesingh178id11325l13d1415043877000rev23792fileAsStrSinghal, ManiklastNameSinghalemailmsingha@purdue.edufullNameManik V SinghalfirstNameManikid12859l13d1420220492000rev26906fileAsStrSiskind, JeffreylastNameSiskindemailqobi@purdue.edufullNameJeffrey M SiskindfirstNameJeffreyid14979l13d1428082373000rev31474fileAsStrSittley, AndrewlastNameSittleyemailasittley@purduefed.comfullNameAndrew SittleyfirstNameAndrewid3222l13d1376953386000rev6703fileAsStrslwilliamsemailslwilliams@purdue.edufirstNameslwilliamsid7783l13d1401395761000rev16177fileAsStrsmidkiffemailsmidkiff@purdue.edufirstNamesmidkiffid745l13d1348787502000rev1427fileAsStrSmith, ThorlastNameSmithemailsmith777@purdue.edufullNameThor A SmithfirstNameThorid3660l13d1379364410000rev7531fileAsStrSnyder, ChadlastNameSnyderemailcmsnyder@purdue.edufullNameChad SnyderfirstNameChadid588l13d1347250628000rev1074fileAsStrSociety, ComputerlastNameSocietyemailcsociety@purdue.edufullNameComputer SocietyfirstNameComputerid3661l13d1379364410000rev7532fileAsStrSoratana, TeerachartlastNameSoratanaemailtsoratan@purdue.edufullNameTeerachart SoratanafirstNameTeerachartid14034l13d1424567314000rev29413fileAsStrsra-internshipsemailsra-internships@samsung.comfirstNamesra-internshipsid3527l13d1378778389000rev7300fileAsStrstephanieemailstephanie@purdue.edufirstNamestephanieid13718l13d1423259641000rev28749fileAsStrStephanson, MollylastNameStephansonemailstemolly@amazon.comfullNameMolly StephansonfirstNameMollyid3421l13d1377893973000rev7087fileAsStrstephe55emailstephe55@purdue.edufirstNamestephe55id2300l13d1363888174000rev4772fileAsStrsteven71emailsteven71@purdue.edufirstNamesteven71id1134l13d1352853376000rev2290fileAsStrsulliv81emailsulliv81@purdue.edufirstNamesulliv81id6530l13d1395202949000rev13373fileAsStrsupportemailsupport@glaciertax.comfirstNamesupportid6108l13d1393404029000rev12380fileAsStrsurfemailsurf@purdue.edufirstNamesurfid5373l13d1390856159000rev10933fileAsStrTalavage, ThomaslastNameTalavageemailtmt@purdue.edufullNameThomas M TalavagefirstNameThomasid3664l13d1379364410000rev7535fileAsStrTang, DilastNameTangemailtang89@purdue.edufullNameDi TangfirstNameDiid8653l13d1405379127000rev17983fileAsStrtdengiemailtdengi@purdue.edufirstNametdengiid8449l13d1404410836000rev17544fileAsStrThomaz, JanicelastNameThomazemailthomazj@purdue.edufullNameJanice V ThomazfirstNameJaniceid8299l13d1403935184000rev17247fileAsStrTian, TaolastNameTianemailttian@purdue.edufullNameTao TianfirstNameTaoid3641l13d1379364410000rev7512fileAsStrTianyue (gao99@purdue.edu), GaolastNameTianyue (gao99@purdue.edu)emailgao99@purdue.edufullNameGao Tianyue (gao99@purdue.edu)firstNameGaoid3645l13d1379364410000rev7516fileAsStrTing-Wei (hsu63@purdue.edu), HsulastNameTing-Wei (hsu63@purdue.edu)emailhsu63@purdue.edufullNameHsu Ting-Wei (hsu63@purdue.edu)firstNameHsuid4063l13d1381603040000rev8290fileAsStrtorres54emailtorres54@purdue.edufirstNametorres54id8071l13d1403186258000rev16777fileAsStrtransferemailtransfer@admission.gatech.edufirstNametransferid1494l13d1357594580000rev3081fileAsStrtransferadmissionemailtransferadmission@registrar.gatech.edufirstNametransferadmissionid5403l13d1390894956000rev10991fileAsStrtreyemailtrey_0146@sendtodropbox.comfullNametrey 0146firstNametreyid9318l13d1409596400000rev19436fileAsStrtyurekemailtyurek@purdue.edufirstNametyurekid5021l13d1388998239000rev10274fileAsStrugadmissionsemailugadmissions@caltech.edufirstNameugadmissionsid8075l13d1403186771000rev16782fileAsStrundergraduateemailundergraduate@ece.gatech.edufirstNameundergraduateid3028l13d1374680602000rev6323fileAsStrUniversity Honors College, PurduelastNameUniversity Honors Collegeemailhonorscollege@purdue.edufullNamePurdue University Honors CollegefirstNamePurdueid6195l13d1393715146000rev12561fileAsStruvyasemailuvyas@purdue.edufirstNameuvyasid2501l13d1365690723000rev5203fileAsStrV K Obeyesekera, VijithalastNameV K Obeyesekeraemailvidyao@purdue.edufullNameVijitha V K ObeyesekerafirstNameVijithaid10131l13d1411626199000rev21219fileAsStrVerley, JessicalastNameVerleyemailjverley@nvidia.comfullNameJessica VerleyfirstNameJessicaid4972l13d1388211687000rev10175fileAsStrvgilbertemailvgilbert@purdue.edufirstNamevgilbertid5834l13d1392254803000rev11819fileAsStrvikrantemailvikrant.s94@gmail.comfullNamevikrant s94firstNamevikrantid9538l13d1410132304000rev19880fileAsStrvipbigdataemailvipbigdata_camera@lists.purdue.edufullNamevipbigdata camerafirstNamevipbigdataid8051l13d1403119666000rev16737fileAsStrvipbigdataemailvipbigdata@lists.purdue.edufirstNamevipbigdataid9716l13d1410579789000rev20235fileAsStrvipbigdataemailvipbigdata_quality@lists.purdue.edufullNamevipbigdata qualityfirstNamevipbigdataid3964l13d1380817131000rev8096fileAsStrvmukundemailvmukund@purdue.edufirstNamevmukundid4119l13d1382066052000rev8406fileAsStrvsivarajemailvsivaraj@purdue.edufirstNamevsivarajid3666l13d1379364410000rev7537fileAsStrWang (wang696@purdue.edu), WenchenglastNameWang (wang696@purdue.edu)emailwang696@purdue.edufullNameWencheng Wang (wang696@purdue.edu)firstNameWenchengid9851l13d1410917692000rev20526fileAsStrWang, Chih-chunlastNameWangemailchihw@purdue.edufullNameChih-chun WangfirstNameChih-chunid4174l13d1382407830000rev8505fileAsStrwang1133emailwang1133@purdue.edufirstNamewang1133id4175l13d1382407830000rev8506fileAsStrwang834emailwang834@purdue.edufirstNamewang834id1550l13d1357841941000rev3195fileAsStrWare, JudithlastNameWareemailjware@purdue.edufullNameJudith M WarefirstNameJudithid7661l13d1400455100000rev15883fileAsStrWatkins, JosephlastNameWatkinsemailwatkin10@purdue.edufullNameJoseph L WatkinsfirstNameJosephid3634l13d1379364410000rev7505fileAsStrWeiyi (cao54@purdue.edu), CaolastNameWeiyi (cao54@purdue.edu)emailcao54@purdue.edufullNameCao Weiyi (cao54@purdue.edu)firstNameCaoid3667l13d1379364410000rev7538fileAsStrWetherton, BlakelastNameWethertonemailbwethert@purdue.edufullNameBlake WethertonfirstNameBlakeid7868l13d1401999624000rev16359fileAsStrwfellisemailwfellis@purdue.edufirstNamewfellisid2728l13d1367587518000rev5682fileAsStrWoodard, KevinlastNameWoodardemailwoodark@purdue.edufullNameKevin Brian WoodardfirstNameKevinid3669l13d1379364410000rev7540fileAsStrWu, YumenglastNameWuemailwu350@purdue.edufullNameYumeng WufirstNameYumengid1779l13d1359129590000rev3658fileAsStrxu428emailxu428@purdue.edufirstNamexu428id13125l13d1421293156000rev27518fileAsStrxzhaemailxzha@purdue.edufirstNamexzhaid7862l13d1401998769000rev16345fileAsStryang456emailyang456@purdue.edufirstNameyang456id284l13d1339313666000rev266fileAsStrYear Engineering Information, FirstlastNameYear Engineering Informationemailengr-info@purdue.edufullNameFirst Year Engineering InformationfirstNameFirstid3676l13d1379364410000rev7547fileAsStrYi (zheng158@purdue.edu), ZhenglastNameYi (zheng158@purdue.edu)emailzheng158@purdue.edufullNameZheng Yi (zheng158@purdue.edu)firstNameZhengid3663l13d1379364410000rev7534fileAsStrYingheng (tang96@purdue.edu), TanglastNameYingheng (tang96@purdue.edu)emailtang96@purdue.edufullNameTang Yingheng (tang96@purdue.edu)firstNameTangid3635l13d1379364410000rev7506fileAsStrYiqun (chen1116@purdue.edu), ChenlastNameYiqun (chen1116@purdue.edu)emailchen1116@purdue.edufullNameChen Yiqun (chen1116@purdue.edu)firstNameChenid15234l13d1428942799000rev32031fileAsStrZ Bentz, BrianlastNameZ Bentzemailbbentz@purdue.edufullNameBrian Z BentzfirstNameBrianid5857l13d1392387388000rev11867fileAsStrzhan1265emailzhan1265@purdue.edufirstNamezhan1265id8338l13d1404076065000rev17321fileAsStrZhang, WeiwenlastNameZhangemailzhan1688@purdue.edufullNameWeiwen ZhangfirstNameWeiwenid3673l13d1379364410000rev7544fileAsStrZhang, ZaiweilastNameZhangemailzhang936@purdue.edufullNameZaiwei ZhangfirstNameZaiweiid3674l13d1379364410000rev7545fileAsStrZhang, ZhenminglastNameZhangemailzhang536@purdue.edufullNameZhenming ZhangfirstNameZhenmingid3675l13d1379364410000rev7546fileAsStrZhang, ZhitianlastNameZhangemailzhang820@purdue.edufullNameZhitian ZhangfirstNameZhitianid4176l13d1382407830000rev8507fileAsStrzhang550emailzhang550@purdue.edufirstNamezhang550id3420l13d1377893973000rev7086fileAsStrzhao223emailzhao223@purdue.edufirstNamezhao223id9323l13d1409596400000rev19441fileAsStrzhao248emailzhao248@purdue.edufirstNamezhao248id3671l13d1379364410000rev7542fileAsStrZhenlei (xu393@purdue.edu), XulastNameZhenlei (xu393@purdue.edu)emailxu393@purdue.edufullNameXu Zhenlei (xu393@purdue.edu)firstNameXuid3670l13d1379364410000rev7541fileAsStrZhiyi (xiang6@purdue.edu), XianglastNameZhiyi (xiang6@purdue.edu)emailxiang6@purdue.edufullNameXiang Zhiyi (xiang6@purdue.edu)firstNameXiangid4177l13d1382407830000rev8508fileAsStrzhou118emailzhou118@purdue.edufirstNamezhou118id3677l13d1379364410000rev7548fileAsStrZhu, YongxianlastNameZhuemailzhu149@purdue.edufullNameYongxian ZhufirstNameYongxianid7145l13d1397603474000rev14726fileAsStrzhu203emailzhu203@purdue.edufirstNamezhu203id13651l13d1423075932000rev28604fileAsStrzpalmeremailzpalmer@purdue.edufirstNamezpalmer